宋家庄 小三居  高楼层 满五年唯一包含综合地价款,460,单价51547元/平米
易构空间满五年唯一全南两居室，视野好，私密性好,658,单价75737元/平米
（新）东南向2居 安静不临街 商品房,385,单价51259元/平米
CBD传奇二期，聚焦房，北向带燃气，业主急售，有钥匙,261,单价70484元/平米
望京知语城 精装修 满五唯一 正南北通透 拎包入住,1120,单价65189元/平米
满五年 好位置，一层 阳台宽敞，有小院,200,单价53263元/平米
彩虹新城 A2 两居室 南北通透,415,单价47445元/平米
满两年 原值高 只有契税 明厨明卫2+1户型,950,单价80632元/平米
房山城关 兴房大街 南北向 满二年,160,单价19886元/平米
东向两居室 双卫 景观好 无遮挡 视野开阔 居住舒适,425,单价44865元/平米
低总价， 楼龄新， 近地铁大一居,215,单价34667元/平米
九间堂上叠别墅 满两年 原值897万 带露台,1369,单价62452元/平米
东南三居室，满五年仅有住房，看房方便，配合签约,840,单价66147元/平米
华龙美树 满五年唯一商品房 南向 不临街,565,单价47301元/平米
满五年唯一 南北通透 户型方正 布局合理,270,单价62227元/平米
白纸坊精装两居室 电梯直达 中高楼层采光好视野佳。,675,单价95501元/平米
西城 西直门 南北通透两居 中间楼层 94年楼龄,615,单价100163元/平米
国瑞城中区 1室1厅 495万,495,单价94955元/平米
店长推荐:海淀低总价一居室，业主诚心出售。,345,单价93345元/平米
双卫户型方正四居改三居不临街采光好看房方便电梯房,710,单价53509元/平米
一层 客厅朝南带窗户两居室 1995年建成 业主诚心出售,284,单价39022元/平米
旗舰精装修的正婚一居，明厨明卫的南北户型,275,单价42204元/平米
金鱼池精美五居复式，满五年唯一，看房方便，单价低,770,单价54696元/平米
此房满五唯一，南向一居室，业主自住的精装修,252,单价43441元/平米
楼龄1997年  满五唯一精装修，中间楼层,365,单价79695元/平米
南北2居室 家具家电全 地板墙面 干净亮堂  看房联系,287,单价35875元/平米
南向楼层好，视野开阔，户型方正，业主诚售.,485,单价71640元/平米
探矿家属院满五唯一南北通透两居室,238,单价39326元/平米
学院路 高楼层 正西向 视野佳 小户型 总价低 带电梯,400,单价66667元/平米
龙乡东区  南北三居室  中间楼层  满五唯一,385,单价47257元/平米
宋家庄 小三居  高楼层 满五年唯一包含综合地价款,460,单价51547元/平米
易构空间满五年唯一全南两居室，视野好，私密性好,658,单价75737元/平米
（新）东南向2居 安静不临街 商品房,385,单价51259元/平米
CBD传奇二期，聚焦房，北向带燃气，业主急售，有钥匙,261,单价70484元/平米
望京知语城 精装修 满五唯一 正南北通透 拎包入住,1120,单价65189元/平米
满五年 好位置，一层 阳台宽敞，有小院,200,单价53263元/平米
彩虹新城 A2 两居室 南北通透,415,单价47445元/平米
满两年 原值高 只有契税 明厨明卫2+1户型,950,单价80632元/平米
房山城关 兴房大街 南北向 满二年,160,单价19886元/平米
东向两居室 双卫 景观好 无遮挡 视野开阔 居住舒适,425,单价44865元/平米
低总价， 楼龄新， 近地铁大一居,215,单价34667元/平米
九间堂上叠别墅 满两年 原值897万 带露台,1369,单价62452元/平米
东南三居室，满五年仅有住房，看房方便，配合签约,840,单价66147元/平米
华龙美树 满五年唯一商品房 南向 不临街,565,单价47301元/平米
满五年唯一 南北通透 户型方正 布局合理,270,单价62227元/平米
白纸坊精装两居室 电梯直达 中高楼层采光好视野佳。,675,单价95501元/平米
西城 西直门 南北通透两居 中间楼层 94年楼龄,615,单价100163元/平米
国瑞城中区 1室1厅 495万,495,单价94955元/平米
店长推荐:海淀低总价一居室，业主诚心出售。,345,单价93345元/平米
双卫户型方正四居改三居不临街采光好看房方便电梯房,710,单价53509元/平米
一层 客厅朝南带窗户两居室 1995年建成 业主诚心出售,284,单价39022元/平米
旗舰精装修的正婚一居，明厨明卫的南北户型,275,单价42204元/平米
金鱼池精美五居复式，满五年唯一，看房方便，单价低,770,单价54696元/平米
此房满五唯一，南向一居室，业主自住的精装修,252,单价43441元/平米
楼龄1997年  满五唯一精装修，中间楼层,365,单价79695元/平米
南北2居室 家具家电全 地板墙面 干净亮堂  看房联系,287,单价35875元/平米
南向楼层好，视野开阔，户型方正，业主诚售.,485,单价71640元/平米
探矿家属院满五唯一南北通透两居室,238,单价39326元/平米
学院路 高楼层 正西向 视野佳 小户型 总价低 带电梯,400,单价66667元/平米
龙乡东区  南北三居室  中间楼层  满五唯一,385,单价47257元/平米
纯板楼社区三居，满五唯一，中高层视野采光不错,850,单价73594元/平米
千鹤家园满五年唯一精装南向两居室，已改成一居室,650,单价58840元/平米
金地格林小镇露台两居室，不临街,578,单价52979元/平米
满五年 低楼层 南北向 无遮挡,355,单价69827元/平米
翠微东里 满五年公房 楼层高 采光好,428,单价104902元/平米
双朝向视野宽阔 居住安静 小区带花园,532,单价80962元/平米
西城二环内，全南向2居，单价总价低，满五公房！,430,单价82932元/平米
满五年商品房，家庭名下唯一住房，精装修，价格优势,526,单价61342元/平米
落地飘窗 精装修 带电梯 2004年楼龄 小户型,275,单价53722元/平米
南北通透   采光好  全明格局  业主诚售,185,单价31603元/平米
人车分流花园水系 2008年商品房 海淀人文社区,750,单价51904元/平米
2001年建成，滨河西里，满五年唯一，明厅两居室,249,单价36570元/平米
满五年，家庭名下就这一套房产，产权清晰，无抵押；,390,单价43450元/平米
芍药居，3居2卫商品房管理，满五年视野好，看房有钥匙,860,单价57124元/平米
低楼层 满五年唯一 南北通透 小区中间位置,247,单价44682元/平米
古城路小区 南北通透，低总价优质两居室，精装修,216,单价42807元/平米
五棵松南向两居，有电梯，钢混，近地铁,430,单价70841元/平米
满五年央产房，东向两居，采光好无遮挡,440,单价71429元/平米
芍药居北里+满五年唯一+带电梯方正一居+可以看房,440,单价74665元/平米
富力B区东南向三居 满五年 业主在京只有这一套住房,610,单价49837元/平米
昌运宫  1995年楼龄 诚心出售,630,单价90910元/平米
一层两户，南向一居室，客厅主卧朝南，落地大窗。,285,单价44504元/平米
业主诚心出售，看房随时，业主两年前婚房装修，,460,单价75908元/平米
东南金角 三个卧室朝南 采光好  楼龄新出行方便,920,单价93024元/平米
定慧寺 慈寿寺地铁  人车分流 满五年唯一  精装修,765,单价79638元/平米
芍药居北里 朝东两居室 诚意出售 精装修 随时看房,560,单价76118元/平米
芍药居北里+1居改2居+带电梯高层+业主诚心出售,426,单价66222元/平米
西南大两居 楼层高 双卧朝南 视野开阔 诚意出售,605,单价72482元/平米
三环内  总价低  正规两居室,328,单价62788元/平米
全南眼镜户型 高层不临街 诚意卖 看房方便,720,单价57582元/平米
不临街不把边 4层南北向三居室 一梯两户 接受换房,445,单价35660元/平米
南北三居改大两居，精装修，诚心出售,868,单价70570元/平米
炫彩嘉轩 正规一居室 视野开阔不临街,375,单价85364元/平米
龙博苑小区南向正规一居室户型方正,332,单价55996元/平米
本房是住宅  房子是七十年产权  业主诚意出售,445,单价37986元/平米
三环内 70年住宅 2居双卫 临近地铁8号线 交通便利,555,单价43428元/平米
万科紫苑 南北通透全能小三居 精装修 保持好！,670,单价70364元/平米
朝阳无限三居 满五唯一 带圆弧飘窗观景房 看房随时,660,单价44385元/平米
满五年  南北双通透  诚心出售看房随时,620,单价43623元/平米
天通苑东二区南北通透两居，商品房，户型方正,388,单价42873元/平米
管理好 人文素质高   商品房  视野好,820,单价55775元/平米
西什库什刹海北海北附近正规两居税少,825,单价158350元/平米
精装修 中楼层 南北通透 满五唯一,133,单价18262元/平米
西四环低密度德式花园下跃复式房源,1195,单价74852元/平米
远洋一方，南向一居，中间楼层，满五唯一,360,单价55884元/平米
万年花城  南北通透  前后带花园 板楼户型,515,单价68113元/平米
郁花园一里 精装修 看房方便 落地飘窗,280,单价39955元/平米
沸城南向两居室 看房方便 业主诚心出售,349,单价36983元/平米
四环内 地铁旁 低楼层 满五唯一,329,单价51367元/平米
南北通透  把边户型  有钥匙 随时看,268,单价35488元/平米
南北向小两居 有钥匙看房方便 诚心出售,229,单价42345元/平米
大峪南路一居室南北通透楼层适中，已满两年,143,单价36951元/平米
汤泉墅南北通透正规两居室业主诚意出售,315,单价35051元/平米
南北通透 带电梯 两居室 采光好,305,单价36358元/平米
满五年唯一 南北通透三居室 诚意出售 看房方便,484.5,单价38714元/平米
《555万》《两居室》《次顶层》,555,单价60936元/平米
加州水郡带飘窗东向两居夏日看荷花,245,单价27640元/平米
珠江御景南北通透，大三居，格局合理,415,单价31488元/平米
精装修，小户型，总价低，无抵押,318,单价60967元/平米
三环边 两居室 大阳台 2001年板楼 满五唯一 钢混结构,329,单价45474元/平米
拎包入住    南北通透  适合三代人居住,239,单价40709元/平米
南北通透 满五唯一 电梯高层板楼 业主诚心出售,515,单价36947元/平米
经理推荐、带电梯南北向两居室、大客厅、业主诚心出售,418,单价51478元/平米
两居室  精装修  低楼层  南北通透,265,单价39040元/平米
精装两居  满五年  格局合理  换房诚售,349,单价41578元/平米
丰台西路45号院两居室 中楼层 南北通透,261,单价46926元/平米
婚房装修，南北通透，拎包入住！,285,单价40884元/平米
满五唯一  全南向  精装修   户型方正  集中供暖,349,单价41474元/平米
张郭庄小区  中间楼  户型方正 南北通透两居室,193,单价32492元/平米
满五年唯一商品房，精装修，中间楼层,370,单价41245元/平米
永定路西里 精装修 南北2居室 格局采光好  出行便利,650,单价103504元/平米
新村三里 低楼层 南北通透 小三居,325,单价52277元/平米
水木兰亭精装大平层，一梯一户，4居室，原值高,798,单价40723元/平米
顶层带阁楼，采光充足，视野开阔,410,单价60840元/平米
中楼层视野好采光好精装修拎包入住,608,单价59451元/平米
天伦锦城 朝北开间 诚心出售 看房提前预约,220,单价53896元/平米
纯南向一居室 满五年唯一 看房方便,180,单价44010元/平米
卢沟桥南里  南北通透 全明格局 正规两居室,248,单价39872元/平米
老山西里 带电梯全南两居户型 房子精装修,312,单价50049元/平米
东方太阳城联排别墅毛坯3层边户型满五年唯一,930,单价35687元/平米
中关村 南北两居室 客厅带窗户 诚意出售,588,单价127994元/平米
华亭紧凑三居 双厅一体设计 宽敞卧室,990,单价62493元/平米
首付90万起 70年产权住宅商品房 刚需选择  立水桥地铁,200,单价36115元/平米
枫林正规三居双卫，精装修，房主诚售,550,单价43829元/平米
西直门 车公庄 北礼士路带电梯一居 南北通透,500,单价120193元/平米
地铁10号线 团结湖公园东门明厨明卫正规一室一厅,475,单价72542元/平米
东西通透，无遮挡，业主诚意出售，看房提前约。,650,单价51412元/平米
天资璟庭大四居，一梯一户，改善型住宅,560,单价29611元/平米
绿谷雅园 南北通透大四居 看房方便,720,单价39865元/平米
龙湖 自住装修标准 一层带花园 带车位 电梯洋房,780,单价24513元/平米
七星园1-14号楼大两居 精装修 业主诚心出售,420,单价45108元/平米
六建朝南的小两居室，空间利用合理,530,单价93972元/平米
张郭庄小区 南北通透 中间楼层  满五唯一,215,单价35017元/平米
精装大复式  南北通透   满五年 业主首套,499,单价23626元/平米
朝阳公园 一个房本两套房子 不临街的四居室 三代同堂,980,单价61543元/平米
平层四居带三个卫生间中间楼层业主家庭唯一住房,1155,单价59663元/平米
山水汇豪 南北通透三居室 全明格局 满五唯一,230,单价18424元/平米
劲松商圈 磨房北里小区 中间楼层精装两居 有客厅,341,单价54033元/平米
罗马花园 普通住宅 两居室高楼层，满五年唯一,808,单价58302元/平米
独立物业封闭管理 南北通透 带独立餐厅 交通配套便捷,537,单价65385元/平米
芳源里 南北通透 两居 满五年,395,单价40739元/平米
满五年公房，中间楼层，本北通透，全明格局,325,单价56297元/平米
东南向正规一居室，高楼层，无遮挡，采光好,360,单价53556元/平米
满五唯一，大5居，适合大家庭居住,710,单价36026元/平米
刚需小三居，南北通透，全明格局，无增值税个税,300,单价38987元/平米
满五唯一商品房，南北通透三居室。,368,单价58534元/平米
满五年唯一，诚意出售，视野开阔，产权清晰,730,单价40493元/平米
滨河西里 3室1厅 338万,338,单价38167元/平米
金茂府东区 南北通透三居 科技住宅 前后观花园！,2060,单价102351元/平米
东花市北里 南北通透 4层 两居室,780,单价103834元/平米
天通西苑一区复式 南北通透 视野好,778,单价35597元/平米
中海紫御公馆 南向全明 精装两居室,838,单价92957元/平米
光熙家园 南北全明三居 精装诚售 看房方便,1248,单价92782元/平米
雍和家园二期 带电梯两居室 满五年,1100,单价65500元/平米
板楼南北向三居室，业主诚心出售，价格可谈。,988,单价83680元/平米
厂洼小区  西南向三居 带电梯 采光好,720,单价99311元/平米
亦庄郁金香舍  一层 带花园  南北通透,920,单价41414元/平米
东一区 板楼低楼层 南北通透 满五年唯一 可转商,355,单价42052元/平米
新街口两居室，前桃园胡同，中间层南北，满五年不唯一,666,单价114630元/平米
一期复式 上下两层独立空间 双卫 双厅,466,单价39219元/平米
东方城东南金角三居，直观欢乐谷全景！,720,单价53824元/平米
南四环 优美小区 大四居 户型刚刚的,740,单价43301元/平米
花样年华小区 电梯房 高楼层三居两卫户型,375,单价27212元/平米
天竺花园复式，4室2厅，带露台,429,单价24922元/平米
满五年唯一 业主急售 精装修 接受换房,472,单价37283元/平米
葛布店东里 南北通透 正规两居室,245,单价44344元/平米
满五唯一  诚心出售 楼龄新  交通方便,334,单价63474元/平米
房子是复式结构，客厅挑高6米，东南北三面采光。,438,单价20578元/平米
五矿自管楼东南北三居带正规客厅，不临街，管理好,535,单价76146元/平米
奥园一期  带挑空花园  有储藏间  地下产权车位,935,单价66810元/平米
奥林匹克公园  不临街  中间楼层 满五年商品房,538,单价65602元/平米
八通线京通快速两广路电梯三居随时可签,488,单价34778元/平米
精装修 采光好能看出几公里以外 满五唯一 拎包入住,505,单价50179元/平米
此房高层视野非常好，满五年唯一免个税，复式非常少见,965,单价71748元/平米
地铁七号线黄厂站，富力C区1-2层复式，带装修南向两居,438,单价47848元/平米
低层三居室，满五年，双卧朝南，采光充足！,298,单价33311元/平米
商品房满五年唯一，视野采光好，不临街不把边，位置好,529,单价35724元/平米
银领国际 东南三居 无遮挡采光视野好,845,单价54573元/平米
电梯板楼洋房 中间楼 南北三居 明厨明卫 改善诚售。,508,单价56239元/平米
2010年小区 南北通透三居 满五年唯一住房 诚心出售,458,单价51260元/平米
独院管理，民航局，楼道干净，有钥匙随时看，电梯直达,606,单价84425元/平米
南北通透 户型方正 中高楼层 视野开阔,380,单价42487元/平米
满五年唯一 商品房 三居室  带阳台,485,单价44627元/平米
美景东方二期，高层双卫两居室，没有遮挡,675,单价63806元/平米
马家堡 上海建筑 南北通透户型 带露台,720,单价62059元/平米
南北向三居室户型，中高层采光通风好，诚心出售,379,单价44209元/平米
低密度板楼社区，南北两居，客餐厅分离，视野采光好,726,单价69078元/平米
板楼，一梯两户，南北通透，满五年唯一，带储藏间,698,单价55485元/平米
南四环，风格与林苑，电梯复式，三居室,759,单价46152元/平米
远洋自然 中间位置 南北通透 大三居,838,单价55552元/平米
天通中苑一层复式，南北通透楼上152.81平楼下82.69平,623,单价40770元/平米
电梯房高层　两梯四户　南北双通透　采光好　通风好,495,单价46663元/平米
四惠东康家园 中间层双南无遮挡 采光好 前后不临街,355,单价54116元/平米
西南向 精装修  楼下南向卧室 楼上两卧 带露台,760,单价48080元/平米
晨光家园 精装两居 诚意出售 拎包入住,415,单价51547元/平米
水郡长安，满五年南北三居，临河观景全明户型！,648,单价43166元/平米
满二无增值税 原值高 没咋住过状态好 居住舒适度高,263,单价30721元/平米
雅世合金 十大科技系统居住舒适度高 户型好,720,单价79761元/平米
东方太阳城二层毛坯准新房，看房方便,335,单价31851元/平米
金惠园三里低楼层南北通透三居室,325,单价40464元/平米
南北通透，板楼带电梯，满五年唯一央产房，有车位,1246,单价98018元/平米
bobo自由城   三居室 南北通透 利用率高 楼层不高,670,单价54428元/平米
瑞都国际南区 人车分流 电梯房 大三居有钥匙看房方便,570,单价40657元/平米
交通部央产 双南大两居 楼下公园 交通方便,475,单价68622元/平米
新街口 冠英园 中石化央产房 南北通透三居 随时看房,1370,单价121025元/平米
黄村 首邑 南北通透 三居 业主急售,530,单价41089元/平米
房子南北通透格局，小区安静，远离喧嚣,920,单价66441元/平米
成寿寺中海城板楼南北通透三居室,868,单价64373元/平米
长阳半岛三居室，满两年，看房方便,380,单价37770元/平米
满五唯一 南北三居 双卫 业主诚售,290,单价24558元/平米
富力童话时光中间楼层三居室诚心出售,305,单价30458元/平米
檀香府南北通透三居室 户型方正 没有浪费,439,单价32461元/平米
富力板楼 满五唯一 全南向采光房,490,单价54246元/平米
南四环外，清欣园甲区中间楼层三居室，改善用房,389,单价36831元/平米
建邦华府正规大三居  双卧朝南  视野好无遮挡,865,单价51676元/平米
格局方正，全明格局，精装修可以拎包入住。,267,单价29238元/平米
南北通透，精装修，三居，看房有钥匙,580,单价47780元/平米
此房子满五年唯一，南北通透格局，采光充足。,398,单价28885元/平米
房子满五年唯一 有露台30平米 普通住宅,818,单价58458元/平米
回龙观  霍营125.31平米 ，精装修，中间楼层！！,498,单价39742元/平米
中石化央产房。南北通透。楼层、采光好。有物业管理。,560,单价70211元/平米
鹿鸣苑电梯大三居 高楼层 满五唯一 全明格局,525,单价37364元/平米
满五年公房，明厨明卫，中间楼层,340,单价58834元/平米
培新街乙5号院 南北通透三居 视野好 采光好,1180,单价90457元/平米
店长推荐加州水郡 南北通透两居 满五唯一无抵押无户口,285,单价32635元/平米
此房满五唯一，户型方正双阳台，厨房和卫生间均带窗,730,单价93232元/平米
南北通透，户型方正，低楼层居住舒适,445,单价32849元/平米
满五唯一公房 南北通透 中间楼层 业主变现 看房有钥匙,265,单价47904元/平米
平层三居 双卧朝南 客厅朝南带阳台 无遮挡,720,单价37596元/平米
南北通透大三居，一梯两户，全封闭小区，南向观花园，,899,单价63923元/平米
万科物业 南北通透 精装修两居 免征个人所得税,389,单价43664元/平米
芳星园 大客厅 南北通透 高楼层,538,单价65086元/平米
京通苑外环两居 中层视野开阔 卧室带阳台 户型方正,330,单价40181元/平米
牡丹园西里楼龄1995年 近地铁有电梯小区环境好优质房,790,单价97411元/平米
70年产权双卫一居室 满五唯一 高层对花园,642,单价63302元/平米
乐府江南270°弧形观景阳台 小区中间面向湖心广场,1090,单价82458元/平米
国会旁  西南北   满五唯一  临盘古鸟巢水立方奥森,1350,单价74438元/平米
南北通透 非顶层 通风好 采光充足 不临街有后花园,369,单价59913元/平米
2007年社区 板楼两居 双卧朝南 通透性好,1000,单价89977元/平米
房子是板楼南北通透板楼三居室 一层带院子,499,单价41233元/平米
小区中间位置！中间楼层！落地窗台！不临街不把边！,535,单价42983元/平米
角门西 瑞丽江畔 南北通透 户型方正  楼下就是花园,618,单价59504元/平米
东南复式，满五年唯一，正对中灿花园。,785,单价66741元/平米
海淀区四环里 南北两居 临地铁家乐福,349,单价78782元/平米
全明格局，双明卫，大厨房，高居住舒适度，无遮挡。,1079,单价83430元/平米
安慧里二区 正规西南两居室 满五唯一,508,单价73115元/平米
碧桂园三期 南北通透两居室 满五唯一楼层好视野开阔,265,单价28388元/平米
方正大四居 南北通透 观景房  人车分流 近奥体公园,1090,单价57357元/平米
世茂维拉 南北通透 一层带下跃,450,单价22079元/平米
国瑞城中区商品房精装修业主诚心出售,2200,单价104059元/平米
南北通透复式 带花园 出行便利 动静分离,928,单价47062元/平米
西四环永定华庭2012年品质小区 南北通透采光好,990,单价93564元/平米
店长推荐 东西朝向 电梯楼 满五年唯一正规两居室,300,单价46361元/平米
晨光家园A区西南向两居室 满五年唯一,495,单价57465元/平米
格局方正，明厨明卫，中间层，无遮挡，拎包入住,253,单价25055元/平米
东北三居楼层高视野好 明厨明卫,883,单价105383元/平米
商品房，满五年，家庭名下唯一住房，业主稳定出售,535,单价27881元/平米
复式三居 动静分离 南北通透 满五唯一,762,单价60100元/平米
中体三区 下叠拼 一层客厅厨房花园 二层卧室,665,单价36093元/平米
通透户型，叠拼户型南北采光，通风效果,408,单价42545元/平米
富力童话时光下叠  小区中间位置 北入户，南小院。,698,单价26143元/平米
大西洋新城板楼三居 户型通透 满五年唯一 视野好,1100,单价87965元/平米
北街家园四区联排别墅，满五唯一,820,单价32157元/平米
清芷园 南北三居室 电梯直达 你值得拥有,1460,单价96766元/平米
此房是南北通透 前后无遮挡 北边看燕山南边观望京SOHO,780,单价51104元/平米
客厅面宽5米 1梯2户 上下楼方便,628,单价43389元/平米
工体东路 东西南向四居室 双厨房双卫生间 明厨明卫,820,单价67652元/平米
北京南站 马家堡路27号院 东南两居 精装修,405,单价54217元/平米
东平里朝阳产权南北通透两居室，业主诚售,216,单价32163元/平米
清河电信宿舍 有钥匙 看房方便 南北通透,336,单价61629元/平米
雅园东南两居室   满五唯一  随时可看,475,单价65418元/平米
东二环  灵通观，一层半三居室，满五年公房，出行便利,505,单价75826元/平米
京科苑三居室，南北通透户型，满五年,360,单价35340元/平米
南北通透三居室，满五唯一商品房，无抵押，诚心出售,780,单价55031元/平米
顶层带阁楼 板楼南北通透 正规一居室,270,单价40030元/平米
草桥欣园 正规1室1厅，全明格局,378,单价54140元/平米
四环旁 双卫设计 南向高层两居  配套齐全,525,单价47941元/平米
南北向正规两居室，总价低，诚心出售,268,单价45703元/平米
商品房满五年唯一 南北通透 诚心出售,420,单价29445元/平米
满五唯一，交通方便，出行便利，小区环境好适合居住,240,单价22301元/平米
定慧寺 中央电视台家属楼  有电梯,600,单价73350元/平米
亚运村安慧里方正三居，主卧南北通透对花园诚意出售！,585,单价68358元/平米
龙湖时代天街南北向三居室，诚心出售，看房有钥匙,558,单价42664元/平米
采光充足两居室，业主诚心出售，看房方便,296,单价49416元/平米
地铁旁，精装大三居，满五年唯一，户型方正，随时看,528,单价26580元/平米
落地窗 十佳物业管理 满五年 中高层视野好,980,单价53241元/平米
2000年央产房  南北通透四居室双卫 诚心出售,1290,单价115633元/平米
亦庄金茂悦 恒湿恒温恒氧 精装修 科技住宅,635,单价63641元/平米
优质房源 户型方正 双卫设计 朝小区 安静不临街,566,单价51408元/平米
6号线上的商品房，满五唯一，南北通透，带电梯。,470,单价46549元/平米
板楼中间层 户型方正 利用率高 实用三居室,475,单价76013元/平米
西斯莱精装南北婚房两居室 业主急售,505,单价50179元/平米
长椿街 西南三居 有电梯 楼龄新 采光充足 视野开阔,950,单价98293元/平米
湖边 复式 南向 大三居 精装修 业主诚售,780,单价46368元/平米
西环里小区 满五年，两居室带独立客厅 1994年建成,230,单价35298元/平米
杨家园西里 南北三居室公房，户型格局好 诚心出售,570,单价88345元/平米
商品房满5家庭1套  3居室 楼层高视野好,395,单价46757元/平米
鸿坤礼域府南向精装两居 上下两层 动静分离诚 意出售,486,单价45993元/平米
中海紫御南北通透中间楼层,开发商精装修,990,单价108410元/平米
满五年家庭唯一，精装小三居，中间楼层，价格可谈,575,单价76872元/平米
2020年4月30日满五年，业主在京无其他住宅，精装自住,326,单价51779元/平米
东南朝向两居室，有电梯，看房方便,285,单价45593元/平米
通州北苑，新华联锦园南北通透两居，满五唯一,390,单价45991元/平米
南向两居室 新小区 交通便利 高楼层采光视野好,310,单价43297元/平米
东二环内，精装两居，南北通透，中间楼层，有车位,665,单价94514元/平米
有电梯+国家图书馆旁+下楼即地铁+公积金可贷25年,452,单价89152元/平米
模式口西里 采光充足 中等装修 格局合理,240,单价37802元/平米
精装南向两居 双规地铁 中间楼层 无噪音,405,单价45506元/平米
北街家园六区 东向两居室 精装修 随时签约,295,单价45958元/平米
惠泽家园  南北通透 低楼层 采光好,235,单价30804元/平米
远洋山水小区东南阳光两居室，看房方便诚意出售。,638,单价71301元/平米
花家地  正南正北 只有一个契税  中间楼层,500,单价73682元/平米
大学家属院24小时保安管理， 满五唯一，精装修,525,单价122378元/平米
航天桥 阜成路  岭南路 科委宿舍  正规南北两居,620,单价103506元/平米
南北双露台正规一居 精装修 室内层高4.5米 采光好。,280,单价48335元/平米
商品房精装两居，南北通透，落地阳台采光视野好。,431,单价41547元/平米
南向大两居 07年商品房 采光好 业主诚意出售,540,单价54006元/平米
带露台复式  商品房满五年唯一  南北通透 精装,488,单价26097元/平米
金星小区 南北通透两居 中间层 满五年,260,单价44628元/平米
西直门 楼龄新 满五唯一 精装修 业主诚意出售 随时签,400,单价68494元/平米
惠民家园二区 两室一厅 东西通透 精装修,270,单价32406元/平米
满五年公房，新风南里中直社区，空户口，没占用,940,单价150160元/平米
中间楼层 正规两居室 满五年 有钥匙,275,单价30397元/平米
中苑电梯两居 满五年 无抵押 总价低,352,单价35427元/平米
满两年 南北一居室 精装修 总价低,496,单价75209元/平米
南北通透小两居总价低，户型好楼层佳采光好，看房方便,450,单价77453元/平米
双卧带阳台两居。满五唯一。适合各人群。,339,单价38677元/平米
永兴小区 精装两居室 视野开阔 诚心出售,242,单价32250元/平米
茂华景公院 正规两室一厅户型，全南朝向，采光充足,640,单价56633元/平米
满五唯一 高层观景 低总价2居,918,单价72432元/平米
远洋山水 南向两居 交通方便 精装修,650,单价61835元/平米
朝阳门内 商品房 一居室 视野好 采光好,710,单价81619元/平米
满五年唯一，南北通透，采光好，价格可谈,360,单价36116元/平米
德贤路辅路  2013年电梯房,320,单价36020元/平米
北洼路25号院南北通透采光好视野好,750,单价62092元/平米
此房东南北通透格局，楼层好，视野开阔，通风效果好,345,单价38678元/平米
南北向一居室  非顶层  毛坯房  适合刚需,191,单价40874元/平米
6层电梯花园洋房 次顶层南北两居室 满五唯一,454,单价45013元/平米
南北通透两居 靠近商业广场 出行购物方便  有地下室,232,单价27330元/平米
和平街十五区东南两居室出售，客厅13平米可利用,420,单价66986元/平米
此房满五年唯一，南北通透两居室，,359,单价39291元/平米
月季园小区 经典南北通透两居室 明厨明卫,206,单价32294元/平米
金星小区 南北通透两居室 不临街 诚售,270,单价47047元/平米
阁外山水电梯房大两居  南北通透  带阳台直观永定楼,370,单价30539元/平米
小户型 总价低 南向 万达商圈,198,单价45570元/平米
精装满五年  业主在京唯一住房,355,单价62966元/平米
标准两居室，格局方正，大阳台无抵押！,340,单价42500元/平米
金色漫香苑 中间位置精装两居室 采光视野好,367,单价41610元/平米
南北通透两居室 全明户型 满五唯一,255,单价36570元/平米
马家堡西里小区带电梯正规一居室,248,单价54125元/平米
2008年社区精装修 业主自住 两居室 电梯房 人车分流,260,单价29886元/平米
三环里 南北婚房装修一居室 南北双阳台  看房有钥匙,238,单价55582元/平米
04年社区 中间层精装朝南一居 满两年税费少  看房方便,620,单价110458元/平米
临公园 05年商品房满五年唯一 总价低 首套首付112万,266,单价52726元/平米
漫香林二期正对花园 南北两居 有钥匙随时看房,425,单价46714元/平米
2001年商品房 业主诚心出售，产权清晰，无抵押。,390,单价46735元/平米
北二环 德胜门西大街7号院 西南两居电梯房 满五年唯一,636,单价84463元/平米
天通苑北七家 南北通透 中间楼层三居室 满五年唯一,323,单价25849元/平米
德露苑 中间楼层 南北通透两居,296,单价33166元/平米
南北通透正规两居室  满五唯一 简单装修,273,单价37838元/平米
吉祥雅筑，84.97平米两居，东向和南向，单价约3.72万,316,单价37190元/平米
南北通透电梯正规一居带阁楼 带露台,309,单价49871元/平米
天宫院小区 便宜正规一居 诚意出售 随时能看房,194.5,单价30263元/平米
【环境好小区】南北通透两居诚售，满五唯一，精装修,418,单价38282元/平米
车公庄 官园 阜成门 南北向全明格局两居,649,单价106394元/平米
满五年 东南北三朝向 全明格局 高楼层 眼睛户型,748,单价82973元/平米
芳源里4期 楼龄新 格局方正  满五年唯一,415,单价46925元/平米
南北通透两居室，随时看房，满五年,315,单价35267元/平米
中楼层 采光好  南北通透  满五唯一,185,单价32230元/平米
鲁能两居 明厨明卫 高楼层通地库,315,单价36675元/平米
石佛营东里满五唯一带电梯两居临近姚家园路,340,单价54029元/平米
石园北区，正规大两居，南北通透，南北双阳台,280,单价33469元/平米
富贵园封闭式管理 南北通透 客厅主卧朝南采光无遮挡,1080,单价122422元/平米
碧桂园C区 南北通透两居 楼层好 有钥匙 看房方便,249,单价26674元/平米
满五年不唯一，个税1%。中间楼层，明厨明卫两居室,275,单价33960元/平米
天坛南门，小区环境好，有电梯，南向一居，户型方正,270,单价66849元/平米
东城区  建予园  楼层适中   设施齐全  诚心出售,535,单价63881元/平米
两广路沿线  70年大产权  长城国际带电梯  小户型,248,单价46200元/平米
刘家窑 三环边 满五年公房  东西通透两居室,298,单价51028元/平米
南二环 30平大客厅 东南向大两居，业主诚心出售,555,单价57621元/平米
新上南北中楼层精装，安静不临街，总价合适，看房随时,480,单价83045元/平米
世纪城 南北透通板楼两居 满五唯一诚意出售,688,单价97176元/平米
首套首付136万  建东苑    满五唯一     格局方正,355,单价40433元/平米
世纪龙祥家园两居室   南北通透,480,单价51200元/平米
首开熙悦睿府书香 两居室 满两年,315,单价38713元/平米
此房满五唯一，70%综合地价款，视野开阔，采光充足。,200,单价27906元/平米
海淀产权 正规全南两居 业主诚心出售 小区人车分流,715,单价79163元/平米
角门东 满五唯一 非顶层两居 总价低 近地铁 随时看,278,单价53876元/平米
八大处脚下 南北通透 有阁楼 露台,269,单价41007元/平米
房子满五年唯一，南向采光好，无遮挡，,386,单价60370元/平米
满五年唯一 电梯房正规两居 主卧阳台可观湖观山,315,单价36291元/平米
此房满五唯一，东南朝向，视野开阔无遮挡,365,单价37711元/平米
广渠门桥 金世纪嘉园一居室出售,455,单价75332元/平米
不临高速   安静   金融街融汇  东南向两居室,295,单价42631元/平米
【国资委、冶金部共同出资改造】 新换管道外立面,382,单价65625元/平米
三环里西罗园洋桥西南向2居，大客厅，高楼层采光好！,369,单价56148元/平米
国风美唐二期 全南两居 有钥匙 随时可看,519,单价55260元/平米
国美正西南大两居 高楼层 直角阳台 诚意出售,562,单价60554元/平米
钢铁研究院   东南北向两居室   交通方便,620,单价86231元/平米
西山枫林中间层精装房 不临街小区安静停车方便,499,单价48153元/平米
现代城北区 西向两居 户型方正 业主诚售,599,单价42109元/平米
二环边 东南两居室 采光好 视野开阔 随时签约,399,单价65400元/平米
此房满五年商品房，交通便利，东二环边，无遮挡。,1100,单价49308元/平米
未来科技城旁  带电梯 南北通透 三居室 户型方正,440,单价31282元/平米
满五年唯一 南向采光面大 东户 高层 通透 可以来看,1199,单价83369元/平米
满五唯一商品房 南北通透  采光好  看房方便,409,单价38794元/平米
满五年唯一的商品房 明厨明卫 业主诚意出售,648,单价66633元/平米
甘家口小区，阳光2居，有电梯，不临街，且交通方便,560,单价88889元/平米
《店长推荐》五星房源，业主自住，温馨的港湾！,278,单价39863元/平米
中间楼层 正规三居，精装修 居住舒适,450,单价43270元/平米
东恒时代二期南北通透三居，双明卫，满五年唯一！,999,单价72376元/平米
北三环南北通透三居室 满五年唯一 诚心出售随时签约,410,单价71716元/平米
臻园2015年新小区全南向两居精装出售,788,单价92478元/平米
高层观景 南北通透 动静分离 满五唯一 电梯三居室,458,单价26005元/平米
板楼社区南北两居两卫  房况保持好  一梯两户,730,单价68047元/平米
满五年公房，总价低，楼龄新，适合贷款购买,310,单价50382元/平米
东北朝向一居室，精装修可观花园,590,单价95687元/平米
金台里，金隅集团家属楼，正规18平客厅,460,单价66235元/平米
东城区 2008年商品房 东向两居室 落地飘窗,780,单价49739元/平米
潘家园松榆西里小区东南向两居室,415,单价69052元/平米
满五年 中间层 南向二改三厅很大 看房比较方便有钥匙,572,单价82267元/平米
南北双入户 二层带露台和储藏间 双卧朝南大三居,525,单价34211元/平米
艺水芳园 西南三居室 自住双卫 诚意出售 已改地暖,498,单价42601元/平米
满五年唯一 南北通透三居 二层 小区中间,660,单价97260元/平米
百万庄中里 双南两居室 中间楼层 满五年唯一,680,单价109167元/平米
朝外MEN loft结构 南北向二居室 业主在京唯一住房,796,单价61706元/平米
西坝河南里，中间层，采光好，满五年唯一，诚心出售,380,单价63546元/平米
金融街 西单 丽华苑南北两居室 有电梯 满二年,1850,单价166727元/平米
满五年【南北双通透，观景3居】样板精装，即买即住,918,单价78295元/平米
罗马花园公司产权，客户只交契税,750,单价54117元/平米
裕龙五区花园洋房  无户口  产权清晰 诚心出售 带车位,550,单价37441元/平米
劲松桥东 板楼四层 南北向 客厅带窗户,395,单价64638元/平米
地铁7号线 满五年 业主名下一套住房，带装修顶层复式,588,单价41703元/平米
复式户型，精装带车位，南北通透格局好，视野开阔,1198,单价48761元/平米
雍景天成 南北通透三居室 落地窗 视野棒,899,单价53347元/平米
东南向两居室 首套购房首付145万 无遮挡采光好,313,单价44141元/平米
南北通透三居室 前后不临街 双卫格局,1030,单价61848元/平米
南北通透 边户全明格局   近地铁8号线 随时签约,655,单价96494元/平米
震惊！史诗级精装3居室 商品房满五年唯一 中间楼层,468,单价45319元/平米
保利中央公园 边户四居 采光阳光好 看大望京公园,1600,单价109320元/平米
满五年唯一住房，正规两居室，南向采光好，没有遮挡,433,单价85237元/平米
精美装修可随时签约大两居满五年,725,单价82716元/平米
有钥匙  满五唯一  只有契税  中高楼层   视野好,898,单价97092元/平米
满五唯一 精装自主 看房随时 楼层高 诚心卖,760,单价85193元/平米
TOP+PLUS主卧23平3居室，带车位+地下室+双卫+独立餐厅,625,单价43744元/平米
有钥匙  诚心出售  精装修  全南带阳台,520,单价57478元/平米
西直门 广通苑 3居室 大客厅 看房有钥匙,875,单价80869元/平米
商品房满五年唯一东南向不临街高层视野好采光无遮挡,630,单价55703元/平米
商品房 中间层 双通透 楼栋位置好 安静私密 出行方便,485,单价45087元/平米
长阳半岛2号院精装小三居 满两年 中间楼层 采光好,423,单价45178元/平米
楼层好，采光明亮，电梯房。看房方便，诚心出售,252,单价27071元/平米
田村48号院 南北三居 明卫 满五唯一 诚意卖,450,单价57916元/平米
南北三居户型，视野开阔，采光充足，配套齐备,460,单价67847元/平米
满两年 高楼层 复式格局 前后观花园,1200,单价61580元/平米
成寿寺中海城板楼东西通透三居室,729,单价50224元/平米
70年产权 民水民电带电梯有燃气 看房方便,260,单价30335元/平米
奥体公园旁  BOBO自由城  南北通透两居室 板楼中楼层,520,单价52404元/平米
小康家园 中间楼层 南北两居 满五唯一,297,单价37430元/平米
此房满五年，业主名下仅一套住房，东西向,266.8,单价66073元/平米
一梯一户 满两年 商品房 诚心出售,275,单价39052元/平米
小户型 面积大 楼龄新 小区环境好,255,单价50217元/平米
六里桥正阳小区，布局合理东南向满五年唯一正规三居室,588,单价64830元/平米
随时看房2008年海淀南北通透正规三居室花园水系社区,1139,单价62105元/平米
国贸双井 南向采光充足 中间楼层视野好 满五年唯一,749,单价60717元/平米
南北通透三居室，满五二类经适房,299,单价33836元/平米
海淀区 牡丹园 花园路3号院  东北朝向大三居 诚意出售,888,单价69522元/平米
前后花园，精装修6+7复式，诚意出售,495,单价26468元/平米
草桥南珠院 正规三居  业主诚意出售,469,单价48789元/平米
精装全明四居室  远离京开 近地铁,409,单价42161元/平米
距离地铁十里河400米，东南向，封闭式小区，仅交契税,610,单价52133元/平米
国贸 双井 富力城D区 全南高层两居室,1150,单价102005元/平米
房子是南北通透的三居室，全明格局。,332,单价34206元/平米
瀛海兴海园3居室跃层，业主诚心售单价2.8万视野采光好,379,单价28463元/平米
满五年唯一商品房，楼龄新，诚心出售。,535,单价51384元/平米
6+7+8复式 满五年唯一 无抵押,330,单价25638元/平米
通州万达商圈，双门入户，下跃户型，诚心出售,430,单价33700元/平米
望京花家地北里  有钥匙  看房随时,430,单价62374元/平米
满五年无原值 东南向不临街 无遮挡 楼层好 户型方正,470,单价64191元/平米
四惠十里堡 爱这城南北通透四居室 原值高 有钥匙,990,单价67283元/平米
房子南北通透 双卫 适合三代人一起住,546,单价42425元/平米
商品房社区   正规三居室  视野开阔,1290,单价109406元/平米
魏公村8号院紧邻北京理工大学正规3居室,865,单价90862元/平米
单价：2.88万/平，不是顶层，户型好，三阳开泰户型,468,单价28854元/平米
南北通透3居室，客厅带落地大阳台,420,单价25676元/平米
马家堡精装大三居两卫诚心出售，很少出现的户型格局,550,单价45884元/平米
南向阳光户型，适合改善住房客户，交易成本低,460,单价58206元/平米
南北通透，客厅，双卧朝南 餐客厅分离 环境优美,949,单价69089元/平米
方舟苑经典三居 东观望京SOHO 南望中国樽 过年房,780,单价54398元/平米
10号楼 中楼层 精装修 南北通透 视野开阔 诚意出售,750,单价53476元/平米
阳光南里 中高层南向正规3居 无遮挡视野采光好,470,单价68614元/平米
宋家庄地铁！！商品房！高楼层！视野无遮挡！,630,单价47887元/平米
东南向复式  落地窗 采光好 紧邻公园,587,单价54824元/平米
潘家园武圣西里 南向双阳台 满五年唯一,328,单价54359元/平米
满五年唯一，高层观景，首付170万，低总价，钥匙房,399,单价41168元/平米
和平里五区 南北向两居室 好楼层 采光棒,650,单价117925元/平米
广安康馨家园 南北通透 中间楼层精装修 无遮挡采光好,385,单价47602元/平米
长滩壹号上叠装修漂亮  1180万,1050,单价58778元/平米
金成府小区  精装修  四居室,1070,单价46263元/平米
北五环内城市别墅，带电梯+车库，地上三层+地下一层,3200,单价81821元/平米
武夷紫荆电梯适合人口多家庭 百万装修,820,单价45004元/平米
满五年，在京名下只有一套住房，采光好,299,单价25486元/平米
满五年 业主家庭一套住房 临近地铁 全明格局,898,单价73946元/平米
电梯洋房精装修，南北通透全明格局，满五年唯一,540,单价36281元/平米
12年建成电梯花园洋房 满五唯一 精装修 带阁楼,349,单价34209元/平米
经典小三居 三面采光 前后无遮挡,330,单价33354元/平米
隆盛园东区  一层带院子  南北通透大三居,315,单价23370元/平米
北坞嘉园带电梯 小区中间位置 在4层 满五唯一,760,单价79673元/平米
08年商品房，电梯房，全朝南两居室，两梯四户,695,单价69072元/平米
此房户型方正，没有浪费面积，业主诚心出售,349,单价52497元/平米
内环公寓楼  双卫  高楼层正冲花园  24小时热水,435,单价39679元/平米
东四环外2011年商品房社区24小时保安,699,单价53629元/平米
北关商务园6号线西潞苑 南北二居 满五年,249,单价28954元/平米
精装修，看房方便，不临街，13年社区,365,单价52285元/平米
满五唯一正规三居室，看房方便业主诚售。,405,单价47850元/平米
别墅区 原生墅 通透大三居 小区内车位充足 停车免费！,525,单价38521元/平米
商品房满五年首套购买契税1.5％，南北双通透,470,单价33094元/平米
此房是南北通透精装复式，小区中间位置，诚心卖,385,单价30614元/平米
双通透明卫户型+小区中间位置+环境优雅配套齐全,490,单价38526元/平米
赵公口桥西马公庄小区南北通透两居室中低层,270,单价49724元/平米
满五唯一+六层板楼带电梯+中间位置+全明格局+直通地库,626,单价68626元/平米
赵公口、刘家窑，南北朝向两居室。店长推荐！！！,328,单价52313元/平米
霸气户型 全景花园不临街 次顶层 毛坯 满五唯一随时看,1430,单价78854元/平米
南北通透，小区中间，观迷宫花园，非常养眼,820,单价57044元/平米
安华西里 满五唯一 南北通透2居室,395,单价68828元/平米
牡丹园地铁10号线精装修4年带电梯东南三居业主诚卖房,965,单价94046元/平米
南北通透，双卧朝南，高楼层，采光好,555,单价47546元/平米
2016年精装修 诚心出售 价格可议,519,单价43920元/平米
南向视野开阔，采光充足，配套设施齐全交通便利,278,单价34720元/平米
装修好，满二年，家庭一套房，楼层高，视野好,680,单价53649元/平米
边三居室 高原值161万 看房方便 自住精装修,318,单价35667元/平米
满五商品房 在京一套 高层采光好  总价低两居室,480,单价56678元/平米
东城精装复式三居，业主换房诚售。,575,单价92266元/平米
宣颐家园 叠拼户型 房本满五年,758,单价34403元/平米
伟业嘉园西里 南北通透 采光好,435,单价22092元/平米
新景家园高层南北三居室，视野好，无遮挡，诚心出售，,875,单价96133元/平米
此房五年唯一住房，四个卧室朝南都带独立卫生间,700,单价24943元/平米
顺驰领海 观湖四居 2017年精装修 可拎包入住,990,单价44288元/平米
电梯大面积平层5居室 小区环境幽静，采光足,530,单价28491元/平米
望京明苑，满五年唯一，精装大3居，带车位，看房随时,720,单价51304元/平米
此房满五唯一 顶层带露台  看房方便,420,单价30132元/平米
客厅两卧室朝南，中式装修，小区中间位置，免费3车位,1620,单价75783元/平米
北京洋房上叠户型，南北通透，带露台，,700,单价36158元/平米
龙湖独栋别墅 满两年 看房方便 业主诚心出售,869,单价30855元/平米
带车位，南北通透复式三居两卫带露台，满五年唯一,410,单价38944元/平米
樱海园高层元宝四居户型  满五年唯一  带产权车位,2650,单价105857元/平米
保利大四居室，4+1户型，精装修，高楼层，高原值,1850,单价110251元/平米
东南朝向 电梯房 公房 满五年 环境优美,1180,单价94514元/平米
此房是水青庭的上叠，带电梯，满五唯一，北入户北花园,1170,单价38846元/平米
满五唯一底层南北通透眼镜房中间户花园60平,585,单价29229元/平米
东南三居室，前后不临街，采光视野无遮挡,778,单价63865元/平米
开发商统一精装，通透性好，带外置阳台,1150,单价71287元/平米
凤凰城二期 南北大三居 视野开阔 装修好 诚意出售,2000,单价81275元/平米
博洛尼全套精致装修，动静分离户型，看房方便,1020,单价44628元/平米
阳光丽景实用四室二厅二卫，业主诚意出售,2050,单价137992元/平米
西山华府~精装眼镜四居室~带车位和储藏间~视野开阔,1480,单价84514元/平米
南北通透 高原值 带空中花园 带车位,1380,单价75559元/平米
美利新世界 南北大3居 满五年唯一 业主自住,500,单价38866元/平米
国贸CBD传奇小区南向带天然气开间，精装出售,332,单价77480元/平米
满五唯一 2009年商品房 东二环 交通便利,420,单价54724元/平米
梧桐苑知秋园纯南三居室房主诚心出售,339,单价37882元/平米
观澳园 买一层 地下附加一层地下室 70年产权,448,单价49021元/平米
南向两居，采光时长长，小区受欢迎户型,689,单价49751元/平米
明珠电梯小高层 正南向全明两居 采光充足,485,单价47883元/平米
金地格林小镇 不临街 大三居 装修很好,765,单价47691元/平米
西向精装一居室LOFT，直观国贸全景，满两年，高原值,563,单价91635元/平米
全南向电梯一居室，楼层好，采光视野不错,306,单价41257元/平米
五环内精装修广安康馨家园大三居随时签约,420,单价45435元/平米
低楼层两居室 南北通透 小区安静 居住舒适,430,单价44171元/平米
商品房 户型好 位置好 出行方便,429,单价44410元/平米
南北通透，主卧朝南带阳台，客厅朝南,480,单价62040元/平米
西罗园 洋桥北里 精装朝南一居室 业主诚意出售方便看,260,单价58559元/平米
南北通透   客厅挑高3.2米  中间位置   带15平露台,490,单价75664元/平米
新天地东南一居室+采光好+视野好+精装修,328,单价49728元/平米
甘露园东西一居室业主诚意出售随时看房,225,单价53470元/平米
首开熙悦睿府书香 两居室 满两年 精装修,329,单价38516元/平米
商品房  满五年 北京一套 南北通透 北侧带露台,440,单价26090元/平米
北洼路28号院低总价大两居，精装修拎包住,697,单价63514元/平米
南北三居室 高楼层 不把边 采光好 位置好,485,单价33721元/平米
bobo自由城 两居室南北通透 楼层低 急售 看房随时,560,单价54768元/平米
南北通透通风好 四室两厅两卫 带大储物间 距史家近。,1150,单价96810元/平米
二环边上南北通透板楼小两居，业主诚意出售,425,单价68077元/平米
康盛园  南向两居室  电梯房,349,单价41273元/平米
中间楼层三居室，满五年唯一，不临街把边，采光视野好,585,单价67646元/平米
大西洋新城，全明格局，通透户型二居室,845,单价91253元/平米
此房为南北通透2居室，楼层适中,287,单价53917元/平米
马家堡 丽水园 南北通透两居室 小区中间位置,649,单价62549元/平米
中粮万科长阳半岛南北通透4居室双卧客厅朝南 双卫,620,单价45452元/平米
满五唯一，有电梯，1999年建成，南北通透客厅有窗户,335,单价62676元/平米
次顶层东南两居室 视野采光好  观景花园和CBD价格可谈,1245,单价90474元/平米
南北通透三居室，高层视野、采光好、观国贸夜景,1125,单价81872元/平米
逸成东苑正规两居室西南朝向光线好业主诚意出售,560,单价74478元/平米
全南两居，给周期，楼间距大，采光无影响,380,单价42832元/平米
手帕口北街南北两居 楼层好 诚心出售,498,单价86564元/平米
中建南向两居   满两年 原值158万   可随时看房,408,单价45776元/平米
东南精装修一居室 满五年唯一 不临街观景层,450,单价57685元/平米
满五年公房，2层楼层好，南北通透，94年的房子,280,单价61811元/平米
芍药居南北通透小三居，中间层不临街，无遮挡,495,单价80896元/平米
全明格局  餐客分离   满五年,439,单价55803元/平米
阳光空间 东南北 三居室 满五年 商品房,990,单价71203元/平米
加州小镇 通透板楼 满五唯一 看房方便,328,单价52363元/平米
随园，精装修，业主自住装修，顶层带阁楼,355,单价39723元/平米
南北通透，两居室，1997年楼 中间楼层,278,单价39920元/平米
一层有院子，南北通透，产权清晰满五年，配套成熟。,1060,单价74870元/平米
万科紫苑南北三居，层高3米，中间位置，得房率100%,765,单价67100元/平米
正规两居室 南北通透 落地飘窗 交通方便,239,单价28436元/平米
满五年公房 中间层 带电梯 西南向 随时看房,345,单价44666元/平米
此房满五唯一， 低总价精装修，配套齐全，适合刚需.,310,单价52605元/平米
巴克 三居 只有契税 精装修 5.6米挑高 不临街,549,单价37836元/平米
东西通透 全明户型 满五唯一 精装修,289,单价32443元/平米
上海沙龙南北通透两居室  户型方正  满五年唯一住房,468,单价54425元/平米
南北通透两居室 靠谱出售 看房随时,405,单价46376元/平米
惠新西街南北通透两居+标准客厅95年房龄高层带电梯,448,单价67869元/平米
濠景阁院内 南北通透大三居 可观龙潭湖 满五年唯一,770,单价61853元/平米
满五年三居室，不临街，客厅双卧朝南,685,单价46590元/平米
万润风景 带车位 南北两居室 精装修,589,单价65928元/平米
满五年唯一 经典三居室 价格可谈,530,单价43824元/平米
石园北区正规三居室两个卫生间，南北通透,365,单价36899元/平米
正规2居室，看房随时！！业主诚心出售,305,单价42221元/平米
满五唯一 正南北通透三居室 带一个储物间 两梯三户,999,单价57736元/平米
全南观景大三居，满五唯一，紧邻地铁10号线,580,单价49696元/平米
中间楼层钢混结构 近地铁6号线十里堡站满5唯一,325,单价60703元/平米
店长推荐南北双通透精装修拎包入住业主诚意出售,430,单价37114元/平米
北潞园南北通透两居室 中间楼层 看房方便,227,单价24472元/平米
灯市口西街 低楼层 满五年唯一 出门就是公园,640,单价104286元/平米
一层，南北通透，1998年建成，楼龄新,243,单价35116元/平米
西三区南北通透四居室，双明卫格局！！中间景观层！,503,单价28528元/平米
大山子低楼层 满五年唯一两居 采光好无遮挡,319,单价48904元/平米
此房板楼，南北通透，无遮挡，采光好，小区中间位置。,349,单价59669元/平米
中关村北区 南北通透大两居 双阳台,700,单价100996元/平米
东城区永定门外 明厨明卫两居 交通方便,386,单价58932元/平米
精装修  全明格局   三居室 看房随时,779,单价56274元/平米
富力城D区婚房装修两居室，带双卫生间，观国贸景观,999,单价90885元/平米
房子满五年唯一，商业部央产，南北通透，前后不临街,788,单价115374元/平米
首付152万 商满5唯一，双明卫大两居，东西通透,395,单价32067元/平米
南北通透三居2卫 看房随时 近地铁,699,单价59218元/平米
康盛园 带电梯 三居 满五年家庭名下暂无其他住房,475,单价42358元/平米
南北通透，中间楼层电梯房，视野采光好,578,单价52685元/平米
南二环蒲黄榆二里小区 全南向两居室 业主诚心出售,290,单价58175元/平米
此房商品房满五年唯一，南北通透格局，楼层好,556,单价38944元/平米
西四环 五棵松商圈 五一 中间楼层 南北通透 小三居,554,单价95353元/平米
视野开阔 采光充足 配套设施齐全,195,单价28364元/平米
柏林四期南北婚房装修两居室  满五年唯一住房,528,单价55874元/平米
南北通透三居室，明厨明卫，中间楼层,420,单价45376元/平米
北城根小区 南北通透两居室 满五年,230,单价33789元/平米
方正户型，改造空间大，业主自住，精装修，可拎包入住,449,单价56685元/平米
洋桥，木樨园 2006年商品房社区 精装修 电梯两居室,529,单价61362元/平米
优质社区，成熟物业，业主自住，放心交易,354,单价47327元/平米
三合南里急售2居随时看房，全明格局,268,单价36753元/平米
诗景长安 南向一居室 2012年建成,398,单价57723元/平米
亦庄第二生活区 融科南向1居 精装 无遮挡低密度社区,255,单价46213元/平米
南四环板楼电梯南向一居 采光好业主诚心卖,268,单价39343元/平米
精装一居 全明格局 总价低 全南向 采光好,260,单价68656元/平米
满五年唯一 全南向采光好 看房方便,240,单价61507元/平米
马赛公馆，南北2居，精装，满五唯一,330,单价40918元/平米
满五年 南北通透 精装 楼层高 视野好,388,单价47526元/平米
西直门展览路德宝新园，低总价精装1居出售,459,单价109809元/平米
宏城花园两居室  精装修 通风性好,346,单价38552元/平米
劲松农光东里 南北向两居 看房方便,275,单价47373元/平米
满五年唯一，高层可以看公园，350米地铁,550,单价51407元/平米
北街家园八区高楼层开间，满五唯一,187,单价54377元/平米
7号线垡头站+高层采光+满五年唯一,233,单价47963元/平米
东区国际 正规三居室 看房方便 采光好 观景好,950,单价55227元/平米
东城区 新永外文化用品商城 全明格局视野宽阔诚心出售,675,单价61114元/平米
少见的五六层大四居复式 全明格局,900,单价57823元/平米
美景全明小三居，总价低，税费少,645,单价56844元/平米
星河城 南北通透 平层三居 精装修可直接入住,818,单价61722元/平米
金蝉南里 精装修两居 满五年唯一 视野开阔景观房,450,单价52174元/平米
昊天温泉家园 低楼层  满5年 南北通透 全明格局,185,单价23227元/平米
精装修 高楼层 采光好 大客厅,435,单价56782元/平米
丰台 石榴庄 大红门 裕隆园 大三居 户型方正,585,单价42636元/平米
满五唯一  南北通透 果园地铁（高德地图769米）,298,单价34842元/平米
满五年唯一客厅朝南带阳台厨房朝南,757,单价68396元/平米
满五唯一商品房 精装修 带车位,450,单价55853元/平米
雍景双庐 距离西黄村站700米 满五年唯一商品房,450,单价45561元/平米
二环外 蒲黄榆商圈 1层大3居 明厨明卫 精装 小区里,458,单价62483元/平米
朝阳门内大街 南北通透全明格局三居室 楼道干净整洁,610,单价93230元/平米
板楼 南北通透 2010年社区 满五年唯一,1230,单价90375元/平米
西南两居，中楼层，视野好，配套齐全,398,单价45033元/平米
北亚花园，一层带花园，南北通透两居,305,单价37757元/平米
莲香园板楼南北向三居室 明厨明卫 户型方正,685,单价53487元/平米
恩济里南北通透两居楼层2层朝向好不临街,490,单价85515元/平米
东里带电梯西南向两居室 诚心出售,312,单价49548元/平米
南北三居 满五唯一 一梯两户矮板楼 全明格局,780,单价59858元/平米
西山洋房 三居室 6层板楼 带电梯,578,单价66103元/平米
六合园新华社正规三居，客厅25平，满五年唯一商品房,446,单价48680元/平米
带燃气小户型、还有明卫、诚意出售,398,单价85666元/平米
马家堡大红门10号线角门东地铁 正规两居复式 格局方正,488,单价43529元/平米
为你而选为你为家  十号线石榴庄,248,单价53925元/平米
绿城百合公寓满五唯一全南向一居室带电梯出行方便,203,单价30651元/平米
东西通透1居室，无电梯，低楼层,256,单价45715元/平米
后现代城低楼层开间出售，装修保持的很好。,295,单价58347元/平米
房本满五年唯一，南北通透，集中供暖。,390,单价36658元/平米
北街家园一区 电梯小洋房 三居室 南北通透,326,单价41131元/平米
懿品阁开间，业主诚意出售，看房方便。,336,单价69094元/平米
满五唯一，小区中间位置，很安静，业主诚意出售,730,单价54699元/平米
新龙城带电梯 两居两卫 南北双通透  满五年唯一,465,单价45557元/平米
马家堡 司达小区 正规三居室 诚心出售,368,单价44311元/平米
莲葩园西南三居，总价低，满五唯一，高楼层，视野好,609,单价44234元/平米
首创伊林郡南向两居 看房随时有钥匙 业主诚心出售,267,单价36367元/平米
新龙城，带电梯，落地窗，南北通透两居室,498,单价48331元/平米
GOGO新世代双轨地铁高楼层采光视野无遮挡,276,单价59496元/平米
公主坟翠微 标准三居室客厅带明窗户型 看房方便带装修,650,单价81149元/平米
店长推荐 满五年业主名下唯一住房  装修好基本没住,330,单价35576元/平米
此房满五唯一视野好，采光充足，南北通透,266,单价28190元/平米
电梯 9+10复式 全南格局带10平露台 地暖 南向3居室,318,单价26520元/平米
地段好四环边 精装修 全 南向两居室 户型好 采光好,316,单价43768元/平米
带电梯，满五唯一，南北通透，六里桥东地铁,545,单价63299元/平米
东城区，二环内，龙潭北里全南向两居，满五年家庭一套,515,单价78327元/平米
劲松华腾园  满五唯一   视野开阔 光线好,758,单价57560元/平米
2013年电梯房 南北通透3居 楼前没有遮挡视野好,320,单价31873元/平米
店长推荐大客厅通透大两居，采光足，视野好,320,单价43687元/平米
道家园1996年钢混高层三居诚意出售,430,单价55320元/平米
绿城百合公寓带电梯三居室，户型方正，业主诚意出售,365,单价27197元/平米
7月8号契税票满五年 小三居 精装修 诚意出售 看房随时,379,单价43260元/平米
宏嘉丽园，改善居家3居，满5年唯一商品房，业主诚售,952,单价77317元/平米
地铁站满五年唯一板楼南北通透户型,562,单价56083元/平米
地铁旁 全南正规两居 精装修 价格可谈 着急出售,365,单价42217元/平米
南北通透，电梯高层大三居，商品房满五年唯一,540,单价36247元/平米
南北通透，满五唯一，高楼层，视野好，通风好采光棒,629,单价65209元/平米
双裕花园西区，1+2复式，一层带90平院，看房方便,660,单价40105元/平米
万科紫苑  南北通透 总高九层 一梯两户 小三居,610,单价66938元/平米
南北通透格局，三居室，低楼层，上下方便，配套完善,202,单价15527元/平米
南北通透全明格局四居室，北向观景视野开阔,980,单价41189元/平米
满五年精装修南北两居室,户型无改动,293,单价36967元/平米
金地精装三居室 前后采光无遮挡 业主精装自住,369,单价42317元/平米
天鑫家园，商品房，南北朝向，两居室,385,单价44238元/平米
华威北里，明厅三居，南北通透，非顶层，满五唯一,448,单价61811元/平米
万年花城二期 精装南北通透三居 交通便利 看房方便,835,单价66891元/平米
东二环富力城  南北通透两居室  税费少，总价低,880,单价85379元/平米
户型方正，正规小两居，满五家庭名下唯一住房。,475,单价69182元/平米
南北通透 正规大三居 有电梯 大产权 靠谱签约,429,单价26384元/平米
温泉花园 错层两居室两卫 满五唯一看房有钥匙,275,单价26741元/平米
融科香雪兰溪  满五唯一 看房随时 洋房 大三居有电梯,450,单价32015元/平米
南北通透三居室，看房有钥匙，前方无遮挡采光好,498,单价52333元/平米
芍药居 空军部队的房子 临近地铁 校区管理好 满五唯一,935,单价73173元/平米
房山长阳 南北一层 带院 两居室 业主诚心出售！,289,单价38730元/平米
满五唯一，正规三居，业主诚意卖房，接受换房客户,605,单价55056元/平米
朗琴园 板楼一梯两户 客厅落地窗对小区花园,1420,单价99685元/平米
定福庄西街全南两居  满五年公房  低楼层,320,单价49605元/平米
2000年商品房社区，信恒大厦两居室，满五唯一。,808,单价66051元/平米
精装 满五年南北通透 主卧带阳台三居 看房方便,420,单价46703元/平米
南湖佳苑南北三居室 小区安静 带车位 有钥匙,990,单价71859元/平米
此房为南北通透三居室，满五唯一，独立院落,378,单价31422元/平米
望兴居板楼，南北通透两居室，中间层，采光好。,655,单价57136元/平米
满五年商品房，明厨明卫，南北通透，电梯洋房,412,单价44652元/平米
南北大三居，双卧朝南，客厅朝南，大面宽。中间楼层。,499,单价36686元/平米
此房满二 南北通透 看房方便 三居室,402,单价32876元/平米
一层带花园，满五唯一，南北通透户型。,321,单价42800元/平米
精装修一层带花园，南北通透南侧花园和社区花园相连,519,单价36817元/平米
顺驰领海 西南向 二居室 采光好 位置好 业主诚意出售,420,单价40327元/平米
★★★★★店长推荐优质房源 全南 板楼 采光好,360,单价51821元/平米
经适房， 正规三居室，南北通透，满五年唯一,465,单价40478元/平米
满五唯一，一天未住，高层观湖景，带车位,1600,单价82487元/平米
北航南门 双南大两居 落地飘窗 税费低 诚心出售,1060,单价90949元/平米
八里庄南里，带电梯，双南向，满五唯一,355,单价53328元/平米
海淀清河8号线永泰庄地铁东500米大两居室,556,单价50041元/平米
韩村河西小区 南北向 两居室 二层 满五唯一,138,单价16716元/平米
满五年公房，正规南北朝向两居室，业主诚意出售,350,单价52522元/平米
合生住宅大三居，南北通透，次新房，高楼层边户！,450,单价28926元/平米
链家聚焦 满五年唯一，明厨明卫，西南北通透，双阳台,805,单价55190元/平米
惠新里军休所南北通透三居室，正规客厅，采光无遮挡,635,单价84397元/平米
南4环 美利新世界 南北3居 双卫 满五年唯一,559,单价43047元/平米
潘家园桥东 建业苑低楼层 南北三居室,542,单价61271元/平米
首开优质三居室 南北通透 一梯两户,610,单价64970元/平米
主力三居、经典户型、南北通透、正对花园，明厨明卫,2080,单价109515元/平米
万柳园小区南北通透三居室 户型方正 看房有钥匙,398,单价53302元/平米
智汇雅苑 南北两居室 满二年  业主诚心出售,313,单价34578元/平米
西城区二环里低总价两居室，已购公房,435,单价86156元/平米
满五年 1998年建房 东南户  交通便利,213,单价30119元/平米
南北通透两居室 商品房房本 满两年  有钥匙  看房随时,689,单价72140元/平米
此房是板楼带电梯，一梯两户，次顶层，采光视野好。,570,单价36129元/平米
北街家园六区 南北通透的三居室 精装修,348,单价45670元/平米
东西通透 一梯两户 板楼带电梯,395,单价57969元/平米
南北通透3+1户型，精装拎包入住，有钥匙随时看房,825,单价51208元/平米
潘家园武圣东里小区南北通透三居室,449,单价55228元/平米
精装修三居室双位满五年唯一的房子,439,单价33083元/平米
东南向高层2居 主卧独立阳台 无遮挡 采光好,516,单价51308元/平米
农光里 1997年 高板楼 精装修,372,单价60775元/平米
全南向两居室采光好，满五唯一，单价7.72万元每平,875,单价75050元/平米
首付180万，东南两居室，精装修，业主诚心卖,398,单价45217元/平米
通州万达商圈，南北通透，中间楼层，有地下室10平米,630,单价45259元/平米
花园洋房  南北三居室   满二年 看房随时,287,单价32096元/平米
两层空中别墅，适合两代人居住，楼间距宽，带电梯。,665,单价28820元/平米
此房满五年唯一，高楼层，采光好,410,单价29282元/平米
2008年商品房  中高楼层南北通透大2居 诚心出售,769,单价62689元/平米
正规3居室，板楼社区公摊小，适合一家人居住。,385,单价30452元/平米
望京新城106平米的2居室，满5年家庭名下唯一住宅,605,单价57076元/平米
高井小区 房子是满年唯一商品房精装修，采光好。,199,单价33983元/平米
商品房 长安新城 大三居  西南  阳光充足 方方正正,575,单价49784元/平米
嘉铭高层观景，满5唯一诚意出售，看房随时有钥匙！,930,单价71358元/平米
永乐西区税少，1995年中间层南向两居，有客厅！,349.5,单价46139元/平米
莱圳家园南北通透三居室，满五唯一，看房方便,805,单价69697元/平米
大自然新城雅苑 南北通透 精装三居室,177,单价16405元/平米
金地仰山东区洋房四居室，双卧客厅朝南，采光视野好,699,单价51675元/平米
鲁谷品质小区 南北通透一梯两户 前后花园 只有契税,525,单价57327元/平米
五环内通透三居 次新房 采光好,640,单价55696元/平米
户型方正 南北通透  双卫  满五唯一,475,单价40200元/平米
北京青年城 精装南北通透大三居 诚意出售,670,单价45384元/平米
翠福园小区  顶层带阁楼  两居室  两个卫生间,265,单价49084元/平米
别墅区公寓  户型方正  采光视野无遮挡,415,单价28834元/平米
低楼层大两居卧室方正，满五唯一拎包入住！,305,单价37511元/平米
房本满五年家庭唯一，精装两居，位置好，采光好,290,单价36737元/平米
满五年，一梯三户，双地铁，蒲黄榆站,243,单价57597元/平米
南北通透，精装修，中高楼层，采光好，视野好,312,单价35037元/平米
山水汇豪苑A区 一层带花园 南北通透 两居室,175,单价23557元/平米
融科香雪兰溪三居室 户型方正 采光好,305,单价34113元/平米
行宫园 南北通透 满五唯一 商品房,210,单价29549元/平米
板楼三居室，双卫生间，南北通透，近地铁，满五唯一,326,单价25122元/平米
别墅品质+方正3室2卫+南北双通+满5年一套房+诚意出售,610,单价42471元/平米
南四环满五年唯一 南北通透三居室 有钥匙看房方便,398,单价46567元/平米
业主诚意出售 满五唯一  看房随时,185,单价18381元/平米
翠屏南里 板楼2层 南北通透3居 有钥匙随时看房,339,单价34981元/平米
双卧朝南，正对花园，高层采光+视野好,599.9,单价68474元/平米
二期样板楼、高楼层视野好、精装修,790,单价58675元/平米
金三观景层让您尽享花园品质生活 南北通透三居室,1038,单价79976元/平米
商品房满五年唯一一层带花园三居室，带车位，双卫,495,单价38219元/平米
奥园四期，南北通透，精装两居室，全明格局，看房随时,600,单价53894元/平米
满五唯一 中楼层南北通透 双卫设计两居,550,单价48942元/平米
原始格局四居室 有独立餐厅 双卫生间不临路 不临街,409,单价29144元/平米
南北通透紧凑三居室户型，格局合理无浪费采光充足,580,单价61814元/平米
满五唯一，精装自住，主卧室朝南，采光视野好,540,单价43514元/平米
70年产权商品房 2010年建成 一梯两户南北通透两居室,470,单价49921元/平米
鲁班奖社区，南北双通透三居室，不临街,700,单价46460元/平米
全南向精装小两居 视野开阔 采光好,266,单价51372元/平米
满五唯一南北通透业主诚心出售，看房有钥匙随时看房,340,单价23100元/平米
满五唯一商品房 高楼层采光视野好,330,单价39366元/平米
清河 永泰庄6号院 2层 正规三居室,460,单价63075元/平米
星城站南侧，燕化星城建德四里小复式，满五年带储藏间,207,单价19016元/平米
南北双通透，满五年唯一的商品房，中间楼层,298,单价32896元/平米
商品房满五年 三居两卫 南北通透,665,单价53132元/平米
双龙南里单价低的两居室 满五年唯一住房,289,单价49025元/平米
京通苑 满五年唯一 一梯两户南北通透两居,325,单价43041元/平米
瑞海家园南北通透三居室，单价低，只有契税,420,单价33885元/平米
南北通透大三居，满五年，公房，采光充足,442,单价54690元/平米
2004年小区，南北双通透，双卫生间 满五年唯一,339,单价36007元/平米
商品房满五不唯一，东西通透，中间位置，视野宽阔,940,单价102688元/平米
月坛，南北通透两居室，阜成门地铁，满五唯一,689,单价127122元/平米
满五年税费少，双明卫，南北通透对花园，眼镜房大面宽,765,单价61739元/平米
满五唯一 看房随时 单价低 位置好,890,单价46578元/平米
精装 从未入住 中高楼层采光好 有钥匙 换房诚意出售,295,单价33649元/平米
五道口 93年钢混满五公房，板楼带电梯,560,单价87913元/平米
玉泉路 低楼层 精装婚房 南北通透两居室 满五唯一,329.5,单价52203元/平米
万科紫台 南北通透三加一户型 前后花园 俩卧室有阳台,1118,单价65557元/平米
满2年，原值327万，精装修，急售,597,单价63912元/平米
燕莎2011年开盘 满五唯一南北通透 采光充足拎包入住。,1499,单价72686元/平米
：
满五年唯一，采光好诚心出售随时签约。,1595,单价122270元/平米
低楼层南北通透 全明格局 产权清晰 随时签约,475,单价24354元/平米
清友园板楼三居+南北通透+前后花园不临街+看房随时,805,单价50760元/平米
珠江国际城八区 南北通透三居室 前后无遮挡 看房方便,620,单价44634元/平米
东方太阳城三期双卧朝南大三居，带明卫、储物间,500,单价31833元/平米
花园洋房 精装自住房 南北通透,306,单价34429元/平米
四环内 南北通透 两居室 中间楼层带电梯 近地铁,360,单价52387元/平米
国美优质两居室 明厨明卫 可以给周期 诚意出售,526,单价57847元/平米
翠成馨园A区，南向一居室 交通方便楼下就是公交总站,267,单价46695元/平米
海淀西四环，低总价大两居，满五年唯一商品房，无遮挡,618,单价60405元/平米
中间楼层三层，满五年税少，业主委托钥匙随时看房,495,单价81778元/平米
房子是满五年的公房，东南向，带客厅，精装修二居室,405,单价65641元/平米
龙熙顺景，电梯洋房，满五年，全明格局,338,单价24453元/平米
北苑2号院 社区周边配套齐全 出行交通便利,505,单价51531元/平米
万科幸福汇  满五年，南北通透 三居出售,229,单价24042元/平米
本房满五年唯一，户型方正，阳光充足，没有遮挡,930,单价70771元/平米
三局两卫，南北通透，高原值，南向主卧客厅,350,单价39080元/平米
满五年商品房，业主家庭唯一住房，92年三环内近地铁,328,单价60752元/平米
模南精装3居南北双通透，满五唯一，看房方便诚心卖,315,单价41684元/平米
全南向 阳光大两居 双阳台  前后不临街！,560,单价57560元/平米
远洋天地又出了两居室 不遮挡 视野开阔,729,单价61061元/平米
胜古家园  户型方正 采光好 精装修 很干净,860,单价70319元/平米
一层带院 商品房满五年 三居两卫,583,单价45519元/平米
首付162万的3居室，业主自住标准装修，看房方便。,293,单价32749元/平米
富力童话时光人车分流 2014年精装三居,310,单价30606元/平米
永乐西区南北三居 户型方正 业主诚心出售,398,单价48120元/平米
香悦四季 带挑高 业主自己装修 有钥匙随时看房,495,单价43217元/平米
法式园 电梯中间层 三居室 满五唯一 有钥匙,430,单价28616元/平米
新景家园两居室，业主诚心出售，有钥匙随时看房。,760,单价99438元/平米
满五年北京名下一套 平顶复式 带南北露台 带独立餐厅,500,单价24687元/平米
满五年唯一正规三室一厅，总价低 单价低！户型方正！,470,单价57178元/平米
南二环边 中行家属楼 毗邻万达凉水河 电梯直达 带车位,520,单价67393元/平米
地铁七号线百子湾 2011年建成 楼龄新  交通便利,538,单价54714元/平米
曙光花园望山园 南北向大三居室  对小区花园安静,950,单价68911元/平米
商品房 满五唯一 南北通透 业主诚心出售,278,单价35478元/平米
满五年唯一，双卫两居，不临街，30万装修房，接受周期,580,单价52785元/平米
西二环 单价3.8万 满五年 且只有一套 看房方便,420,单价38596元/平米
南北通透精装修三居室，中间楼层采光好,900,单价65100元/平米
定安里高楼层满五年唯一已购公房,365,单价67170元/平米
满五年唯一，钢混结构，楼层高采光好,410,单价62952元/平米
东边户 。全明格局景观房，带一个产权车位。,675,单价55717元/平米
天创世缘，全南向两居室，满五年唯一,749,单价67085元/平米
三层，满五唯一，产权清晰，看房随时,270,单价25759元/平米
万寿园 满五唯一 央产房税费少 格局方正 产权干净,1389,单价93979元/平米
丰体时代花园 正规三居室 采光充足 无遮挡 视野开阔,500,单价40434元/平米
珠江八区上叠 低总价 客厅挑高6.8米 满五年,720,单价32205元/平米
满五唯一 楼层低 生活便利 出行方便,353,单价45078元/平米
地铁顺义站，精装修三居，中间楼层，,412,单价29875元/平米
商品房，满五年在京名下唯一住房,317,单价23302元/平米
满五年 南向一居室 不遮挡 诚心出售 看房有钥匙,249,单价60985元/平米
2006年商品房 高楼层 有车位 三室两卫,1390,单价95882元/平米
东方太阳城双卧室朝南3居 毛坯房  视野开阔采光好,456,单价30761元/平米
满五年唯一，采光好视野开阔，精装修，有钥匙随时看房,408,单价47371元/平米
观奥森南北四居室 凯德开发 万科物业 无遮挡 满五年,1258,单价60409元/平米
南北通透两居室 满五年 首套客户首付90万,210,单价38058元/平米
林大北路9号院 南北通透 楼层好 大两居室 有钥匙,516,单价82389元/平米
梨园地铁旁 全明两居室 南北通透采光好,289,单价35817元/平米
黄村东里 3室1厅 236万,236,单价27407元/平米
三环边南北通透大二居室，满五年，且业主就一套房。,425,单价47019元/平米
新潮嘉园南北通透三居室三阳户型，楼层适中有钥匙,410,单价35037元/平米
五星店长推荐，高楼层 不临街两居室,510,单价56279元/平米
位置好 无遮挡 采光充足 每间屋子都是落地窗,410,单价29678元/平米
华严优质3居室，精装修，看房方便有钥匙。,595,单价76705元/平米
小区优质南北四居室，适合多口人居住,2260,单价132079元/平米
角门西双地铁 南北通透大二居有钥匙方便看房,556,单价53079元/平米
西南大两居，空置随时可看，可以观看小区花园,460,单价41902元/平米
金鑫苑小区通透复式，4层入户，满五年唯一，钥匙房,210,单价12871元/平米
电梯高层 全南向两居室 双阳台 精装拎包入住,388,单价54880元/平米
东三环内　 双南朝向　明厨明卫　精装修　首套1%契税,380,单价64593元/平米
高楼层采光好南北向通风好普通装修两居室,289,单价31874元/平米
华能央产 人车分流 板楼二层  环境好,595,单价91384元/平米
满五年复式，看房随时，采光好，诚心出售,340,单价24491元/平米
东升园双卫生间 三居室 满五年公房,1320,单价86022元/平米
高楼层  南北通透三居室，无遮挡视野好,740,单价51586元/平米
劲松六区南北通透，满五年税费少，诚意出售两居室,368,单价61039元/平米
10号线，亦庄线，三环成寿寺，南北通透,639,单价65884元/平米
商品房 三居室 全明格局 中间楼层,500,单价40352元/平米
一层带花园，中间位置，看房有钥匙，随时签约,960,单价76264元/平米
低楼层三居室，采光好，118平米,526,单价44702元/平米
独立小院 满五年 钥匙房 南北通透格局，明厨明卫,475,单价66499元/平米
满五唯一三居室，业主诚心出售。,363,单价40650元/平米
一层带花园    商满五唯一   能给换房时效,615,单价47924元/平米
苏园西区三居室，三层，满五唯一，南北通透，采光充足,327,单价32243元/平米
木樨园桥东   南三环中路  南北通透两居室,415,单价52136元/平米
满五年唯一，三层南北通透两居室。,308,单价43988元/平米
东二环内 东向大2居 70年产权公寓 交通便利 配套成熟,770,单价49101元/平米
满五年唯一，南向采光好，两室两卫，人车分流交通方便,593,单价59384元/平米
百环花园，全南三居，诚心出售。,649,单价44434元/平米
北京新天地 一改二 全明户型 满五年首套1%契税,383,单价53725元/平米
满五唯一，高楼层，无遮挡，采光，视野好,435,单价50174元/平米
电梯入住 东南向两居 主卧带落地阳台 采光好,350,单价34712元/平米
满五年，北京一套，南北通透，有钥匙 ，急售,505,单价28692元/平米
中间位置 中间楼层 南北通透 满五年 正规三居,470,单价42419元/平米
满五唯一 3层 不临街 南北通透 业主诚意出售,469,单价37817元/平米
南北通透小两居 院内有食堂 篮球场 停车位充足 有钥匙,450,单价79268元/平米
店长推荐，万科精装三居室，次顶层视野好,378,单价40830元/平米
南三环满五年公房  东西通透三居室 低楼层,385,单价55095元/平米
风雅园2居的价格，现在是3居外加1个独立阁楼,430,单价35157元/平米
静淑苑 电梯房 双卧朝南 全明格局,643,单价89430元/平米
双榆树东里带电梯三居 南北通透 诚意出售,716,单价91211元/平米
朝阳园二期 西向对花园2居 满五年且家庭北京唯一住房,615,单价54085元/平米
西城区 远见名苑商品房 阳光两居无遮挡 地铁7号线,770,单价89473元/平米
刘家窑北里 低楼层低总价两居室  车位充足 随时看房,338,单价62362元/平米
中海城 全南两居 双卫生间 满五年 距成寿寺地铁320米,610,单价58705元/平米
朗琴园朝东一居改两居，满五年，家庭就一套住房,680,单价115450元/平米
彩虹城正南向两居，视野开阔无遮挡，格局方正！,529,单价60210元/平米
万科新里程 带露台的一居室 地铁大学城北,304,单价39394元/平米
三居两卫 中间楼层  自住装修,540,单价36876元/平米
南北通透大三居，客厅面宽4.2米，采光视野好,450,单价38266元/平米
低楼层3层，小区中间位置，南北通透户型，双卫，,365,单价33951元/平米
龙锦苑东一区低楼层无遮挡抢手热卖优质房,432,单价36392元/平米
精装修 南北通透 带阁楼 带露台 采光充足 带租赁车位,260,单价45471元/平米
华威西里  朝南一室一厅  满五年税费少  中间层采光好,290,单价67411元/平米
倚林佳园，南北通透，三居室采光好,1228,单价85605元/平米
满五年的公房，楼道好，中间层，采光好，无遮挡,648,单价70176元/平米
满五年唯一，小区中间位置，正对小区花园。,396,单价45855元/平米
佳和宜园 朝南一居室 带电梯 装修不错,171,单价36391元/平米
东二环 南向两居 电梯直达 诚意出售,735,单价96698元/平米
7号线地铁达官营站 荣丰一期 正南向一居室有燃气,438,单价71127元/平米
亦庄后花园 满五唯一  优选全南两居室 周末方便看房,254,单价24959元/平米
南北通透板楼 中间楼层 不临街 无遮挡 看房方便,458,单价66803元/平米
户型方正 双卧朝南 满5年 业主唯一住房,550,单价62281元/平米
东西通透两居室，明厨明卫，采光通风好,359,单价39022元/平米
南北双通透！四环内！9号线科怡路地铁旁！,475,单价49843元/平米
马家堡西里  紧邻地铁 带电梯两居,355,单价48577元/平米
特别推荐  可等满两年  优质商品房 原值110万,259,单价43117元/平米
全南一居室，报价含一个产权车位，诚意出售,535,单价64057元/平米
宋家庄家园 3室1厅 305万,305,单价34079元/平米
满五唯一，南北通透，户型方正，采光充足,560,单价104439元/平米
鸿坤理想城大满贯西南向一居室，精装修满五年唯一,299,单价42960元/平米
沁山水婚房装修，满五年唯一，南北通透,639,单价71008元/平米
金隅万科城 东南两居 带落地窗 满五年 精装修视野好,367,单价42715元/平米
纯南两居室 带观景电梯 业主自住,435,单价47222元/平米
精装 大客厅 全南向两居  采光视野好 满五年一套房,355,单价57416元/平米
满五年公房,中间楼层,朝南向两居室,总价低,近地铁,329,单价61496元/平米
东西南北朝向，紧凑型小三居，适合一家人居住,360,单价41413元/平米
南三环成寿寺 静馨嘉苑全南两居室,536,单价53751元/平米
呼家楼北街 正规朝南两居室 满五年成本价购房,448,单价64350元/平米
南北通透，满五年唯一 ，电梯直达，前后观花园,598,单价57868元/平米
公安部分房，中间楼层，总价低两居室，,470,单价94000元/平米
静安里 满五年名下就这一套 通透一居二层大客厅,289,单价63060元/平米
梧桐苑栖凤园高楼层，交通便利，采光无遮挡，全南二居,338,单价39394元/平米
南北向二居室 板楼户型 满5年,400,单价45071元/平米
中和家园小区，正规两居室大客厅，带电梯，居家装修,481,单价57654元/平米
远洋山水 南北通透 安静 全明格局 随时看房,496,单价68367元/平米
满五年唯一，楼层好，采光充足，诚意出售，正规两居室,420,单价42932元/平米
此房位于矩阵小区，周边配套齐全，交通便利,372.5,单价56261元/平米
精装修，人民银行管理，紧邻人民大学地铁站。,610,单价103866元/平米
莲水怡园，南北通透二居，满五年，精装修。,304,单价34835元/平米
望京新城日不落户型三居室 中高楼层 看房方便,725,单价55877元/平米
惠通新苑房龄新 ，纯南向两居室，一梯4户，采光充足,172,单价22821元/平米
带电梯！满五唯一商品房！看房方便！,369,单价38855元/平米
房子房本满五年，家庭一套。交易时税费较少,508,单价72842元/平米
八里庄北里 南北通透 两居室 精装,315,单价51998元/平米
钓鱼台国宾馆宿舍，小区有管理，电梯房,420,单价110382元/平米
航天桥  定慧寺  东南向两居室  总价低,490,单价89909元/平米
2020给自己安置一个温馨港湾，北路小三居值得一看。,251,单价44488元/平米
十里堡地铁口 南北两居 满五唯一中间层 看房随时,348,单价62177元/平米
高层朝南户型，全明格局 ，诚心出售！,420,单价46834元/平米
高楼层精装修宜居大两居业主高诚意随时签约,440,单价48427元/平米
上林世家 精装两居室 带电梯  总价低,868,单价94957元/平米
本房满五唯一，税费少户型方正，看好价格可谈。,850,单价62653元/平米
东花市北里中区不临街南北通透2居室 中楼层 无遮挡,805,单价88598元/平米
西城区，全南两居采光好，诚意出售！,560,单价85824元/平米
太阳公元经典南向两居  前方无遮挡,1130,单价126554元/平米
二环内，低楼层，南向大两居，满五唯一，业主诚心卖,525,单价88863元/平米
领秀慧谷A区东西通透两居室，户型方正,375,单价47397元/平米
此房满五年，楼层合适，采光充足，户型方正,585,单价104502元/平米
经典南向一居室，中间楼层采光好，业主诚售价可聊！,340,单价57716元/平米
满五年公房，朝南向，南侧没有楼，采光充足，,238,单价40705元/平米
板楼中间楼层，满五唯一年公房，,250,单价56806元/平米
此房公房,全明格局,精装修,看房提前联系,356,单价43042元/平米
东南向 满五唯一 户型方正 采光充足 视野好 安静舒适,550,单价58567元/平米
光华欣居 南北通透两居 满五年唯一 看房随时,490,单价43433元/平米
角门司达小区中间楼层正规两居室诚心出售,299,单价48897元/平米
小户型一居室 精装修  适合单身人士居住,262,单价70830元/平米
2008年新房！东西通透两居！两梯五户！楼下有花园！,725,单价69312元/平米
回龙观良庄家园商品房5+1钢混结构2层三面采光明厨明卫,413,单价51846元/平米
小板楼 南北通透 全明格局临近公园,319,单价52982元/平米
金融街 有电梯小区 南北通透2居室,895,单价128408元/平米
东南金角，大客厅，落地飘窗，中高楼层，视野开阔,510,单价60809元/平米
南二环 方庄14号线地铁 10am新坐标 2005年社区商品房,359,单价68973元/平米
带电梯南向小户型，近地铁近医院近公园,279,单价69890元/平米
天伦锦城 朝西一居 诚心出售！,258,单价42386元/平米
满五唯一 只有契税 首套房首付约95万,226,单价33114元/平米
满五年唯一商品房，南北通透两居室,415,单价49826元/平米
翠成馨园E区 正规一居 满五唯一 高层观景,270,单价48155元/平米
西城区广外红居街远见名苑 刚需大开间,430,单价87827元/平米
中建国际港  精装修两居室  配合满五唯一  看房随时,435,单价48871元/平米
链家优选 西城  馨莲茗园 一居 满五唯一 婚房装修,505,单价78563元/平米
房子满五年公房，中科院单位的管理。,488,单价79674元/平米
水电部宿舍  南北两居  满五年公房   安静不临街,570,单价82609元/平米
满五唯一，南北通透，业主诚意出售,605,单价54926元/平米
海淀北部低总价两居室 楼层好 采光充足 看房随时,230,单价47228元/平米
房子满五年 高楼层 视野好 视野开阔 配套设施齐全,530,单价58435元/平米
中建雅颂居，只交契税，12年的高层电梯房，公立幼儿园,323,单价36150元/平米
翠屏北里东区 2室1厅 390万,390,单价44389元/平米
北清路南+简约风格+别墅洋房+正规两居+IT精英聚集地,330,单价50275元/平米
双门禁社区 户型方正 朝小区绿化，看房方便,615,单价68685元/平米
电梯 精装修正规两居室 全明格局 满五唯一 商品房,285,单价34264元/平米
满五年公房  诚意出售  随时签约,335,单价60810元/平米
恒华安纳湖精装纯南向两居室，满五唯一，看房随时,246,单价27876元/平米
满两年 主卧室带阳台 南北通透两居室  诚意出售,439,单价44801元/平米
建外SOHO 两居室 西南向 高楼层 视野好 采光好,725,单价48321元/平米
海淀西三环70年产权2008年楼龄随时可看,442,单价46196元/平米
朝丰家园南北通透两居室，满五年业主在京只有一套住房,350,单价45022元/平米
满五年  97年楼龄 南北通透 随时看房 近地铁,508,单价88812元/平米
南北通透  满两年的公房，个税一个点，看房有钥匙。,263,单价37534元/平米
雍和家园 正规大两居 满五年唯一 业主诚售,1140,单价102666元/平米
京汉旭城 优质东南向两居 看房有钥匙 满五年 带车位,365,单价45769元/平米
金福家园 西南向正规一居室 满五年 诚售,278,单价44480元/平米
育民带电梯，精装修，中楼层，业主诚心出售,730,单价133456元/平米
房子精装修，诚信出售随时签约，交通方便,527,单价42954元/平米
五环内 南北通透 正规三居 中间楼层,320,单价35189元/平米
东城区复式两居室 业主随时签约,1115,单价59123元/平米
